"","Plate_Number","Well_Placements","Conditions","animal_ID"
"1",1,"A2","45 mg/L R4","S151C001"
"2",1,"B4","5 mg/L R1","S147C001"
"3",1,"B2","45 mg/L R3","S178C001"
"4",1,"B1","5 mg/L R4","S180C001"
"5",1,"A1","5 mg/L R3","S160C001"
"6",1,"A3","5 mg/L R2","S167C001"
"7",1,"A4","Control R3","S154C001"
"8",1,"C4","Control R1","S177C001"
"9",1,"B3","45 mg/L R1","S158C001"
"10",1,"C2","Control R4","S148C001"
"11",1,"C1","Control R2","S149C001"
"12",1,"C3","45 mg/L R2","S162C001"
